date,Incidence,cumIc,newIc
2025-12-12,0.19254022233102758,0.06439963662380829,0.06439963662380829
2025-12-13,0.19146852250445767,0.1284440469315228,0.06406766312997611
2025-12-14,0.19208334484606565,0.19272418385719678,0.06433416842031969
2025-12-15,0.1939879467839269,0.25768969973025857,0.06505844244238249
2025-12-16,0.1969622512937592,0.3236916605814011,0.06613843951430438
2025-12-17,0.20088354892571453,0.39112736274601567,0.06747231050932923
2025-12-18,0.20545560320104694,0.4601849748098725,0.06902855084835254
2025-12-19,0.2107072261277811,0.5312334177309546,0.07086501160497782
2025-12-20,0.21648890100496368,0.6039623417623898,0.07281341471410521
2025-12-21,0.22277932494761427,0.6789226689857251,0.07495753711532324
2025-12-22,0.22951526122193455,0.7562787530650706,0.07723471180038219
2025-12-23,0.23657798147678152,0.8359298498347372,0.07962355752245748
2025-12-24,0.24410763990577306,0.9180675158276875,0.08216028983690019
2025-12-25,0.2520642112551694,1.0029569945085328,0.0848452675522153
2025-12-26,0.2603864826027158,1.0909374138210866,0.08762931120161432
2025-12-27,0.26909824191078846,1.1810201140433825,0.09051569290943087
2025-12-28,0.27805330461116967,1.2742297134241958,0.09347399935288528
2025-12-29,0.2875506072971761,1.3708723149358302,0.09654456846633155
2025-12-30,0.29711626052560514,1.4706557194549041,0.0997656413358047
2025-12-31,0.30719877613915714,1.5735026662192086,0.10310632010455892
2026-01-01,0.3175436778518441,1.6799306256558262,0.10652696352517041
2026-01-02,0.3282046097571495,1.79044885796967,0.11009417870924876
2026-01-03,0.33912995966852594,1.9048767333798424,0.11382157680577917
2026-01-04,0.35052693799394075,2.022565666990219,0.11764598054267791
2026-01-05,0.3625171931819484,2.1445999499898916,0.12160175816456414
2026-01-06,0.37482507651177865,2.270330354623032,0.12569489797480987
2026-01-07,0.38751568844427836,2.400747784457442,0.12994451728574807
2026-01-08,0.40070029842122257,2.53596072399578,0.1343790767437465
2026-01-09,0.4142971903655057,2.675598313576974,0.13897936153264787
2026-01-10,0.42824802628772785,2.818906886235557,0.1437638860350679
2026-01-11,0.44274989595467107,2.9668715972691557,0.1486235445400838
2026-01-12,0.4577437635041164,3.120041408059187,0.153702200630086
2026-01-13,0.473259291447261,3.27711502539987,0.15890029356747132
2026-01-14,0.4893230013968868,3.4407656989920516,0.16419605343114557
2026-01-15,0.5058016826440858,3.6106076602867416,0.16968926284577657
2026-01-16,0.5229669545702833,3.7861108238534076,0.1753330056786714
2026-01-17,0.5407412643830996,3.9665216643045236,0.18132008547263403
2026-01-18,0.5589170727541237,4.15354446976988,0.18738743370020963
2026-01-19,0.5776938559966698,4.3466426831315665,0.19368511044372472
2026-01-20,0.5972414788405973,4.545103194910135,0.2002541611907656
2026-01-21,0.6173676438432076,4.75219956533334,0.2069887283028133
2026-01-22,0.6380577824795071,4.9680376627556475,0.21388243191494993
2026-01-23,0.6596416778748451,5.188641417011487,0.2210003459773534
2026-01-24,0.6818077207230615,5.416280469530812,0.22856227703983903
2026-01-25,0.704669651541814,5.654676291788954,0.23622597180828805
2026-01-26,0.7283106342793181,5.903331497337023,0.24414120931073086
2026-01-27,0.7527901645378391,6.1555817518705656,0.25229218194759917
2026-01-28,0.7783642484938805,6.417836539440533,0.2608197821426051
2026-01-29,0.804595261611243,6.688223767279229,0.2695226434883091
2026-01-30,0.8317017111530913,6.969051763840829,0.2784288727779696
2026-01-31,0.859605873641127,7.260514269504938,0.2877063105340547
2026-02-01,0.8885759912303388,7.559537643119169,0.2974220694763782
2026-02-02,0.9185863806021883,7.865763215200227,0.3075476185590156
2026-02-03,0.9493984882708162,8.1822255201985,0.3179551951278883
2026-02-04,0.9812240094837228,8.510099452140185,0.32880048276194507
2026-02-05,1.014203452067279,8.849046768694642,0.3399538826541266
2026-02-06,1.048429626813977,9.202403443572177,0.35153996166267987
2026-02-07,1.0838098662182851,9.564677152532576,0.36359924658527754
2026-02-08,1.1202250416579709,9.937320401083113,0.3759873866148632
2026-02-09,1.1580688783918593,10.327088338670615,0.3886936779569766
2026-02-10,1.197191461429042,10.7304727399008,0.401833086537877
2026-02-11,1.2376418154085571,11.145599075981025,0.4152709183626968
2026-02-12,1.2794656545591874,11.57001733220547,0.429378351714815
2026-02-13,1.322800821081036,12.00850995126185,0.4440836607847957
2026-02-14,1.3676067923816846,12.46683413454701,0.4590692703217641
2026-02-15,1.4136814406336016,12.948663153642958,0.47433508194349383
2026-02-16,1.4610112513856672,13.438333170550841,0.49020823595648766
2026-02-17,1.509953515307514,13.941119084061715,0.506642389130759
2026-02-18,1.5607040065907856,14.458761373672672,0.523646703926915
2026-02-19,1.6133091024326665,15.001336171592861,0.5412539249005184
2026-02-20,1.6676658904074675,15.555536666162695,0.5595982561653479
2026-02-21,1.7239771632517331,16.127094397084356,0.5783750093487234
2026-02-22,1.7818519936869095,16.713319035471542,0.5976968094770186
2026-02-23,1.8416499321922384,17.32313526154696,0.6175632889542118
2026-02-24,1.9036114934559067,17.95912528661272,0.6382948676987186
2026-02-25,1.967993973263631,18.624497114954046,0.6598442956496349
2026-02-26,2.0345699947232414,19.307882266416364,0.6820622672423555
2026-02-27,2.1030909415928374,20.01544238334347,0.7050270045637356
2026-02-28,2.173915318555677,20.753110625430757,0.7285889890446436
2026-03-01,2.247198394158878,21.511714839256832,0.7529380389553602
2026-03-02,2.322931307180662,22.305043336019523,0.7781952223289312
2026-03-03,2.4007161319071244,23.121057566682595,0.8044060627501365
2026-03-04,2.4817346780155516,23.957245228601042,0.8313499105437887
2026-03-05,2.5655030651311392,24.815208971532925,0.8592172311566224
2026-03-06,2.652287724377021,25.707997098995442,0.8882644403017622
2026-03-07,2.7420014062183133,26.626032178988773,0.9184134927769981
2026-03-08,2.834362064955398,27.57247795624435,0.9488157133700559
2026-03-09,2.9295331638946855,28.571889301652302,0.9804438661306218
2026-03-10,3.0278916577347523,29.59662238378775,1.0131672654174726
2026-03-11,3.129543731690641,30.648668990921493,1.0469905109696827
2026-03-12,3.2345990697491294,31.73240713684254,1.0824746786319208
2026-03-13,3.343612385600376,32.84541846073246,1.1190801590286659
2026-03-14,3.4567143239616565,33.99635117148762,1.1566292756735899
2026-03-15,3.573630748111646,35.19456357602055,1.1952161521120361
2026-03-16,3.6944895238776945,36.42777491625036,1.2352182601186097
2026-03-17,3.819355078040286,37.70002462892543,1.2767594043599193
2026-03-18,3.9477647787689323,39.03733817493594,1.3200283731870632
2026-03-19,4.08039578032065,40.395542259557594,1.3646501244814577
2026-03-20,4.216968584457858,41.79906282592677,1.4103826108797533
2026-03-21,4.3587562549667025,43.247318491326,1.4574570976285974
2026-03-22,4.50577422693887,44.74204229448179,1.5059318877794716
2026-03-23,4.657731693009082,46.309296861986084,1.5558662713030706
2026-03-24,4.814793279723987,47.923002012706064,1.6074875301359892
2026-03-25,4.977129008862242,49.5891902669529,1.661533103436995
2026-03-26,5.144914467930348,51.31133188936932,1.717365986822006
2026-03-27,5.318284472087194,53.07314403006073,1.7746764816844396
2026-03-28,5.4965594719047886,54.89977488807126,1.8338104409078424
2026-03-29,5.680781262742057,56.79835495532424,1.894947991551325
2026-03-30,5.871146219291251,58.75963089812072,1.958113400852394
2026-03-31,6.067418914151344,60.78186341777011,2.0233732229461197
2026-04-01,6.2697958855699385,62.87282346050331,2.090894064543229
2026-04-02,6.478884727906912,65.04938931032456,2.1607138002205857
2026-04-03,6.6961373817841245,67.3119554595053,2.2332879845087055
2026-04-04,6.920724744629799,69.60275636544958,2.3086414316296007
2026-04-05,7.152798730025792,71.96767737421746,2.386432095078888
2026-04-06,7.392605755487363,74.42264899502163,2.4653145457259695
2026-04-07,7.640400133444652,76.95924397461027,2.5468156637794754
2026-04-08,7.896444309325729,79.60528646911422,2.6312329085387827
2026-04-09,8.16067280046257,82.35039823724341,2.719400213543035
2026-04-10,8.433536045527681,85.1770575955853,2.8105003351777817
2026-04-11,8.715454108857363,88.07786322471961,2.90409928137608
2026-04-12,9.006722779578638,91.0681643049766,3.000779315710661
2026-04-13,9.30764718869434,94.17703884785675,3.10120517378947
2026-04-14,9.618317192801982,97.40049747358603,3.2054794905386634
2026-04-15,9.938666340606554,100.74557188263644,3.3132297958049994
2026-04-16,10.269588926653638,104.19997093692322,3.4245698944411416
2026-04-17,10.611427399336456,107.73667960877205,3.539289718376592
2026-04-18,10.96453485267467,111.38295858961332,3.656890613367657
2026-04-19,11.329275326650674,115.14614106573144,3.7779397477194427
2026-04-20,11.707607459681668,119.01570452177337,3.9032818894426167
2026-04-21,12.098969988156611,123.01280424889556,4.033898768804737
2026-04-22,12.503275177118041,127.18018363309751,4.169426658999147
2026-04-23,12.920941484611541,131.5029107458152,4.30937768715974
2026-04-24,13.352400242700991,135.95168018189344,4.454480834685144
2026-04-25,13.798096008194943,140.53640361989574,4.604410257680267
2026-04-26,14.25848691969071,145.25828659161175,4.759322372636152
2026-04-27,14.734045060795303,150.14750258401574,4.919378381270498
2026-04-28,15.225256829355711,155.19837270481764,5.0844500973421205
2026-04-29,15.731747272743583,160.41807222812406,5.254684862879673
2026-04-30,16.253768159604313,165.82029926514804,5.430534991332212
2026-05-01,16.79285508710139,171.40638413919845,5.612179927088929
2026-05-02,17.34954859483645,177.23157406191646,5.799558251777758
2026-05-03,17.924405158138992,183.2514431004646,5.992796694845069
2026-05-04,18.52082133656479,189.43354819230814,6.191051440197306
2026-05-05,19.136882473338417,195.75251491439258,6.395756923385008
2026-05-06,19.7730860914074,202.2674735987233,6.606321503380852
2026-05-07,20.430066929665408,209.00499782299664,6.823591488356358
2026-05-08,21.108478098427618,216.03688467697515,7.048436800866874
2026-05-09,21.808991497624525,223.30968528306767,7.282881185907524
2026-05-10,22.532298236142054,230.77944105232734,7.523343192858398
2026-05-11,23.27826290829497,238.48963716786665,7.7712168788285
2026-05-12,24.04727009873313,246.51207045959325,8.026358110332907
2026-05-13,24.841125525046365,254.82979657707997,8.288337513792326
2026-05-14,25.660594348132726,263.4232607711417,8.558681287301185
2026-05-15,26.50646271720528,272.3013874494093,8.838202489715734
2026-05-16,27.37953816584922,281.4694032921255,9.128183739845237
2026-05-17,28.280650001939804,290.84764347850836,9.427929779990755
2026-05-18,29.21064969006516,300.5325707521454,9.73756285054657
2026-05-19,30.17041122499178,310.48668154617764,10.057096886898389
2026-05-20,31.16083149459874,320.84201796967085,10.386830347494536
2026-05-21,32.182830630587866,331.692887832535,10.729211572111712
2026-05-22,33.23735234515294,342.8199553675571,11.082689120969514
2026-05-23,34.325364251659316,354.3209296164033,11.447452537182293
2026-05-24,35.447858167247595,366.2489299299876,11.823837741931357
2026-05-25,36.60428876519704,378.570089277983,12.21144046258047
2026-05-26,37.797603564963836,391.2932826328165,12.609026268523852
2026-05-27,39.03166854092626,404.392575877617,13.019105473952628
2026-05-28,40.30333101223749,417.92044130766413,13.442040300483672
2026-05-29,41.61486409440788,431.8903411017427,13.8782014110386
2026-05-30,42.96741277653899,446.3161224271477,14.328760724127036
2026-05-31,44.36214778032955,461.21202585658955,14.79728383556191
2026-06-01,45.80026562831401,476.5926937822439,15.280770646070959
2026-06-02,47.28298866792181,492.44496973634864,15.779363814890072
2026-06-03,48.81156504748598,508.78053029069054,16.293488531435568
2026-06-04,50.38726864011059,525.5593005362055,16.823578743530945
2026-06-05,52.01139891108082,542.81883491338,17.369290191025936
2026-06-06,53.68528072426649,560.6185615621324,17.92754982654627
2026-06-07,55.41026408273187,579.0337792810253,18.502845455331723
2026-06-08,57.187723798519485,598.1038232856172,19.097695347927665
2026-06-09,59.019059086326926,617.8728869446477,19.71248439075665
2026-06-10,60.905693075541436,638.1411428738787,20.3459428748815
2026-06-11,62.84907223484021,659.053949896106,20.998562492521224
2026-06-12,64.85066570330429,680.5490189964667,21.670842749333502
2026-06-13,66.91196452173304,702.6407748093945,22.36329070627651
2026-06-14,69.0344807575847,725.4264182838399,23.074439461385275
2026-06-15,71.22000115614722,748.9263336134057,23.80255545722229
2026-06-16,73.47566407467153,773.378354443214,24.555469427217776
2026-06-17,75.79063186315042,798.6083213872942,25.335196517826358
2026-06-18,78.16827502604092,824.6306508456191,26.136155543276566
2026-06-19,80.61459667921466,851.4683082256028,26.9591913597942
2026-06-20,83.13119058559644,879.1447977936978,27.80466694645924
2026-06-21,85.71966104738311,907.7694193022494,28.674401786010208
2026-06-22,88.38162089439311,937.3791847313762,29.563842478183822
2026-06-23,91.11868929667102,967.9118046650392,30.477718486930307
2026-06-24,93.93248939272513,999.3933122584084,31.41709395247468
2026-06-25,96.82791873959418,1031.8502949012245,32.38250019711872
2026-06-26,99.8068409119362,1065.1187793780493,33.38282746043046
2026-06-27,102.86670462943073,1099.361734736947,34.41216095026394
2026-06-28,106.00416387433978,1134.6495429703582,35.46944467597717
2026-06-29,109.22644338270169,1171.0105457845448,36.55518743559813
2026-06-30,112.53119434080313,1208.4736233420517,37.66988994461836
2026-07-01,115.92153955970278,1247.3742393558132,38.80731335934428
2026-07-02,119.40096297162707,1287.5157285860664,39.97203761023433
2026-07-03,122.97096010688134,1328.8706925969532,41.16703266880501
2026-07-04,126.63299389052547,1371.4708166378148,42.39278260237651
2026-07-05,130.38848966700002,1415.348287722888,43.64975848690255
2026-07-06,134.23882994427825,1460.5357800472427,44.938416627550794
2026-07-07,138.18534885198682,1507.0664384553297,46.259196683303756
2026-07-08,142.22932630873663,1554.8926502339864,47.61251969407068
2026-07-09,146.37198189481933,1603.9891504521083,48.998786009119534
2026-07-10,150.6241562358203,1654.3642941034273,50.41837311599794
2026-07-11,154.9828700601131,1706.3470208688277,51.87163336951787
2026-07-12,159.4445529297469,1759.861119244409,53.35889162083225
2026-07-13,164.01016524387904,1814.888369911001,54.88044274713417
2026-07-14,168.68057330621636,1871.4847168746899,56.436549083065344
2026-07-15,173.45654137885052,1929.685430708087,58.027437755529704
2026-07-16,178.33872344269287,1989.5259746828056,59.65329792427341
2026-07-17,183.327654672405,2051.0419628741884,61.31427793131591
2026-07-18,188.43840108795024,2114.269115232167,63.010482363098276
2026-07-19,193.67478533113717,2178.948790557117,64.74196903005611
2026-07-20,199.02096512720664,2245.6158740931924,66.50937994251862
2026-07-21,204.47700680511184,2314.103995355663,68.32189492705533
2026-07-22,210.04281313122218,2384.449471924435,70.17061266893948
2026-07-23,215.718113194027,2456.4016590085953,72.05507747672007
2026-07-24,221.50245210877011,2530.0509555450503,73.97509669437348
2026-07-25,227.39518057188826,2605.7508620673825,75.9304117862917
2026-07-26,233.3837247355985,2683.418068595851,77.91580272632359
2026-07-27,239.4678601407017,2763.0858536270684,79.93024111525114
2026-07-28,245.64734567756372,2844.7869706426777,81.97824327633137
2026-07-29,251.89149394324096,2928.5535681023302,84.05924272835573
2026-07-30,258.2328850277399,3014.4171061535726,86.17416841972786
2026-07-31,264.66931290402147,3102.4082701225707,88.2974540514175
2026-08-01,271.226787440176,3192.5568808699395,90.44645182971166
2026-08-02,277.9088418616792,3284.891802117619,92.62205272800428
2026-08-03,284.681694977543,3379.440844875681,94.82572181893539
2026-08-04,291.54214696865074,3476.23066912212,97.09117887831127
2026-08-05,298.4556198078178,3575.833720279774,99.38525909591246
2026-08-06,305.41485476039725,3677.7819033105525,101.71357493394586
2026-08-07,312.4461891227909,3782.08451148733,104.08005297191426
2026-08-08,319.52458822423654,3888.7644116449183,106.47641629224981
2026-08-09,326.6599945030833,3997.8428321078763,108.92296522612098
2026-08-10,333.8512248535071,4109.339250112577,111.39384599768664
2026-08-11,341.0926549583918,4223.271277995729,113.86913561494953
2026-08-12,348.3783218204178,4339.654548516208,116.30380366826137
2026-08-13,355.7019228062416,4458.5025997079265,118.7754057048463
2026-08-14,363.05681597953816,4579.826759692116,121.30206757012584
2026-08-15,370.4360218106293,4703.636031907581,123.77109137300576
2026-08-16,377.86816297655594,4829.936981246814,126.21061588454262
2026-08-17,385.3753324366486,4958.7336216141,128.67183872674428
2026-08-18,392.90228370214965,5089.791106837593,131.16541594052777
2026-08-19,400.4549069468595,5223.506314596984,133.59900465924045
2026-08-20,407.99201229119865,5359.745201857974,136.10794093093006
2026-08-21,415.4990973549683,5498.503649048716,138.63163854284875
2026-08-22,422.9793527748152,5639.774585472454,141.1311619330407
2026-08-23,430.4096084139653,5783.547893801397,143.48635726922498
2026-08-24,437.65328987855423,5929.810319427996,145.82862711185115
2026-08-25,444.80730794209757,6078.545385303807,148.15690080074842
2026-08-26,451.8868138845542,6229.733312901737,150.4845894463959
2026-08-27,458.8814767112443,6383.350949938924,152.85064113261046
2026-08-28,465.7808104838724,6539.371705494166,155.335588242497
2026-08-29,472.5742014408841,6697.765493145751,157.69113843051298
2026-08-30,479.4623731335307,6859.408305569099,159.90737193428174
2026-08-31,486.21647732795077,7024.428321506442,162.06321016498566
2026-09-01,492.79973828171933,7190.250943796038,164.12612660821458
